model,drift_level,f1,pr_auc
Random Forest,0.0,0.47394102809428545,0.5445695816392153
Random Forest,0.1,0.4621114538490221,0.37132490421842457
Random Forest,0.25,0.44418849786944825,0.36873049968346794
Random Forest,0.5,0.4080668933624489,0.4567352129634484
Random Forest,0.75,0.39391438392233086,0.5178434488593392
Random Forest,1.0,0.39391362960920384,0.4682624429048899
Random Forest,1.5,0.39391362960920384,0.4436704143917016
XGBoost,0.0,0.475416341428316,0.5348328260045441
XGBoost,0.1,0.4357615685781223,0.4091267749497235
XGBoost,0.25,0.41348408926066516,0.4983644016295616
XGBoost,0.5,0.48648236307900944,0.553628337842062
XGBoost,0.75,0.39391362960920384,0.5883986150707081
XGBoost,1.0,0.39391362960920384,0.5737983095337957
XGBoost,1.5,0.39391362960920384,0.5531504971800738
