model,corruption_level,f1,pr_auc
Random Forest,0.0,0.4739029862427605,0.5415006838555902
Random Forest,0.05,0.4687845943928121,0.4266419126931371
Random Forest,0.1,0.4622157810255265,0.4129582526552275
Random Forest,0.2,0.4519869587835611,0.39954552365153007
Random Forest,0.3,0.42985228618552507,0.3743349303877001
XGBoost,0.0,0.4752236151552665,0.469458514248665
XGBoost,0.05,0.4714390697272295,0.3467569038650157
XGBoost,0.1,0.4713031151678595,0.3683282913877572
XGBoost,0.2,0.46989704565801255,0.3536762940340237
XGBoost,0.3,0.47652887556145146,0.37270834334087966
