model,noise_level,f1,pr_auc
Random Forest,0.0,0.47394102809428545,0.5445695816392153
Random Forest,0.1,0.46951111952467206,0.3137372928315191
Random Forest,0.25,0.46200016907599967,0.3298610682070862
Random Forest,0.5,0.4471994263405306,0.3522934187274814
Random Forest,0.75,0.43383589383975785,0.3614427280300615
Random Forest,1.0,0.4237395210148269,0.3597126578452348
Random Forest,1.5,0.4095470699669657,0.3442227363775414
Random Forest,2.0,0.4029791669106367,0.3252805882918183
XGBoost,0.0,0.475416341428316,0.5348328260045441
XGBoost,0.1,0.4569432343537004,0.3539784521331182
XGBoost,0.25,0.4431057086388067,0.3658756682557415
XGBoost,0.5,0.42857239435096234,0.3848636749215316
XGBoost,0.75,0.4160519642801861,0.3916618831886259
XGBoost,1.0,0.407458733830122,0.3886645524674269
XGBoost,1.5,0.3991262812778568,0.3716146794059111
XGBoost,2.0,0.39628915573785606,0.356337964268356
